,ds,trend,yhat_lower,yhat_upper,trend_lower,trend_upper,additive_terms,additive_terms_lower,additive_terms_upper,weekly,weekly_lower,weekly_upper,yearly,yearly_lower,yearly_upper,multiplicative_terms,multiplicative_terms_lower,multiplicative_terms_upper,yhat
0,2015-05-18,2.3927372150516524,2.394750739425454,2.4442572804808873,2.3927372150516524,2.3927372150516524,0.024750639239872925,0.024750639239872925,0.024750639239872925,2.0567762011560623e-05,2.0567762011560623e-05,2.0567762011560623e-05,0.024730071477861364,0.024730071477861364,0.024730071477861364,0.0,0.0,0.0,2.4174878542915255
1,2016-05-24,2.391957582346351,2.398807934055223,2.4486218302461293,2.391957582346351,2.391957582346351,0.030734832215966738,0.030734832215966738,0.030734832215966738,0.0018582141341940885,0.0018582141341940885,0.0018582141341940885,0.028876618081772647,0.028876618081772647,0.028876618081772647,0.0,0.0,0.0,2.4226924145623174
2,2016-07-11,2.3918569845779247,2.404601220468209,2.453521427136736,2.3918569845779247,2.3918569845779247,0.037685160446334166,0.037685160446334166,0.037685160446334166,2.0567761999880463e-05,2.0567761999880463e-05,2.0567761999880463e-05,0.03766459268433429,0.03766459268433429,0.03766459268433429,0.0,0.0,0.0,2.429542145024259
3,2017-02-24,2.3913791451779014,2.3459601913919736,2.397158690939481,2.3913791451779014,2.3913791451779014,-0.01957506295531437,-0.01957506295531437,-0.01957506295531437,0.008341193326289015,0.008341193326289015,0.008341193326289015,-0.02791625628160339,-0.02791625628160339,-0.02791625628160339,0.0,0.0,0.0,2.371804082222587
4,2017-03-08,2.3913539957357948,2.35262478410637,2.4018051768289577,2.3913539957357948,2.3913539957357948,-0.015142990394900153,-0.015142990394900153,-0.015142990394900153,-0.002977184742862817,-0.002977184742862817,-0.002977184742862817,-0.012165805652037337,-0.012165805652037337,-0.012165805652037337,0.0,0.0,0.0,2.3762110053408945
5,2017-03-20,2.3913288462936886,2.3546843449948454,2.407306426185296,2.3913288462936886,2.3913288462936886,-0.009159877395149238,-0.009159877395149238,-0.009159877395149238,2.0567762016318485e-05,2.0567762016318485e-05,2.0567762016318485e-05,-0.009180445157165557,-0.009180445157165557,-0.009180445157165557,0.0,0.0,0.0,2.3821689688985392
6,2017-04-01,2.391303696851582,2.3517422659175247,2.4017159745161583,2.391303696851582,2.391303696851582,-0.014851944500078587,-0.014851944500078587,-0.014851944500078587,-0.0008931750872124837,-0.0008931750872124837,-0.0008931750872124837,-0.013958769412866102,-0.013958769412866102,-0.013958769412866102,0.0,0.0,0.0,2.376451752351503
7,2017-04-13,2.391434849971883,2.3620243193897585,2.4141116502709723,2.391434849971883,2.391434849971883,-0.003993574865658764,-0.003993574865658764,-0.003993574865658764,-0.007423417490226624,-0.007423417490226624,-0.007423417490226624,0.00342984262456786,0.00342984262456786,0.00342984262456786,0.0,0.0,0.0,2.3874412751062244
8,2017-04-25,2.391566003092183,2.386558895582634,2.4370819652213846,2.391566003092183,2.391566003092183,0.01870883460375905,0.01870883460375905,0.01870883460375905,0.001858214134191898,0.001858214134191898,0.001858214134191898,0.016850620469567153,0.016850620469567153,0.016850620469567153,0.0,0.0,0.0,2.410274837695942
9,2017-05-07,2.391697156212484,2.385351648784408,2.434201744699442,2.391697156212484,2.391697156212484,0.017947824832321584,0.017947824832321584,0.017947824832321584,0.00107380209783816,0.00107380209783816,0.00107380209783816,0.016874022734483424,0.016874022734483424,0.016874022734483424,0.0,0.0,0.0,2.4096449810448055
10,2017-05-19,2.3918283093327846,2.402229305657385,2.450783551033136,2.3918283093327846,2.3918283093327846,0.03440973846842995,0.03440973846842995,0.03440973846842995,0.008341193326287194,0.008341193326287194,0.008341193326287194,0.02606854514214275,0.02606854514214275,0.02606854514214275,0.0,0.0,0.0,2.4262380478012147
11,2017-05-31,2.391959462453085,2.3897973557957344,2.4394658347094973,2.391959462453085,2.391959462453085,0.022869524398663438,0.022869524398663438,0.022869524398663438,-0.002977184742862339,-0.002977184742862339,-0.002977184742862339,0.02584670914152578,0.02584670914152578,0.02584670914152578,0.0,0.0,0.0,2.4148289868517487
12,2017-06-12,2.3920906155733856,2.379288567374745,2.430142907114116,2.3920906155733856,2.3920906155733856,0.012864198641646625,0.012864198641646625,0.012864198641646625,2.056776200225859e-05,2.056776200225859e-05,2.056776200225859e-05,0.01284363087964437,0.01284363087964437,0.01284363087964437,0.0,0.0,0.0,2.4049548142150323
13,2017-06-24,2.3922217689197662,2.388709683359369,2.439632679417337,2.3922217689197662,2.3922217689197662,0.021349717870842815,0.021349717870842815,0.021349717870842815,-0.000893175087228272,-0.000893175087228272,-0.000893175087228272,0.022242892958071084,0.022242892958071084,0.022242892958071084,0.0,0.0,0.0,2.413571486790609
14,2017-07-06,2.3923529222661464,2.398027919549154,2.4495482006815235,2.3923529222661464,2.3923529222661464,0.031173267715234123,0.031173267715234123,0.031173267715234123,-0.007423417490233456,-0.007423417490233456,-0.007423417490233456,0.03859668520546758,0.03859668520546758,0.03859668520546758,0.0,0.0,0.0,2.4235261899813807
15,2017-07-18,2.3924840756125265,2.398081359692428,2.448007907778544,2.3924840756125265,2.3924840756125265,0.031788965546645835,0.031788965546645835,0.031788965546645835,0.001858214134176597,0.001858214134176597,0.001858214134176597,0.02993075141246923,0.02993075141246923,0.02993075141246923,0.0,0.0,0.0,2.4242730411591724
16,2017-07-30,2.392615228958907,2.3857644015472936,2.4362443197764803,2.392615228958907,2.392615228958907,0.017692590351451442,0.017692590351451442,0.017692590351451442,0.0010738020978634003,0.0010738020978634003,0.0010738020978634003,0.016618788253588042,0.016618788253588042,0.016618788253588042,0.0,0.0,0.0,2.4103078193103586
17,2017-08-11,2.3927463823052872,2.3912403388525245,2.442734477776718,2.3927463823052872,2.3927463823052872,0.023637556612496714,0.023637556612496714,0.023637556612496714,0.008341193326283636,0.008341193326283636,0.008341193326283636,0.015296363286213076,0.015296363286213076,0.015296363286213076,0.0,0.0,0.0,2.416383938917784
18,2017-08-23,2.3928775356516674,2.380350698078127,2.430362170244096,2.3928775356516674,2.3928775356516674,0.012722426763945797,0.012722426763945797,0.012722426763945797,-0.002977184742884978,-0.002977184742884978,-0.002977184742884978,0.015699611506830774,0.015699611506830774,0.015699611506830774,0.0,0.0,0.0,2.405599962415613
19,2017-09-04,2.3930086889864564,2.3808539193985783,2.43126887234684,2.3930086889864564,2.3930086889864564,0.013101790281797329,0.013101790281797329,0.013101790281797329,2.0567761998452917e-05,2.0567761998452917e-05,2.0567761998452917e-05,0.01308122251979888,0.01308122251979888,0.01308122251979888,0.0,0.0,0.0,2.4061104792682535
20,2017-09-16,2.393139842321245,2.3697081105013043,2.4199101489421304,2.393139842321245,2.393139842321245,0.0012705581735584933,0.0012705581735584933,0.0012705581735584933,-0.0008931750872136094,-0.0008931750872136094,-0.0008931750872136094,0.0021637332607721037,0.0021637332607721037,0.0021637332607721037,0.0,0.0,0.0,2.3944104004948032
21,2017-09-28,2.3932709956560334,2.347072946838831,2.397556306899642,2.3932709956560334,2.3932709956560334,-0.020926081670922504,-0.020926081670922504,-0.020926081670922504,-0.0074234174902555825,-0.0074234174902555825,-0.0074234174902555825,-0.013502664180666922,-0.013502664180666922,-0.013502664180666922,0.0,0.0,0.0,2.3723449139851107
22,2017-10-10,2.3934021489908224,2.3500553706655496,2.4017513512317445,2.3934021489908224,2.3934021489908224,-0.01817982384907581,-0.01817982384907581,-0.01817982384907581,0.0018582141341809677,0.0018582141341809677,0.0018582141341809677,-0.02003803798325678,-0.02003803798325678,-0.02003803798325678,0.0,0.0,0.0,2.3752223251417464
23,2017-10-22,2.393533302325611,2.3475227095645153,2.398448408309415,2.393533302325611,2.393533302325611,-0.020937979539903107,-0.020937979539903107,-0.020937979539903107,0.0010738020978478954,0.0010738020978478954,0.0010738020978478954,-0.022011781637751006,-0.022011781637751006,-0.022011781637751006,0.0,0.0,0.0,2.372595322785708
24,2017-11-03,2.3936644556604,2.352912979836804,2.4046206110749853,2.3936644556604,2.3936644556604,-0.014650108129233728,-0.014650108129233728,-0.014650108129233728,0.008341193326280076,0.008341193326280076,0.008341193326280076,-0.022991301455513806,-0.022991301455513806,-0.022991301455513806,0.0,0.0,0.0,2.3790143475311663
25,2017-11-15,2.3937956092171087,2.3512315848041796,2.4013867948688716,2.3937956092171087,2.3937956092171087,-0.018229414484280053,-0.018229414484280053,-0.018229414484280053,-0.0029771847428844986,-0.0029771847428844986,-0.0029771847428844986,-0.015252229741395553,-0.015252229741395553,-0.015252229741395553,0.0,0.0,0.0,2.3755661947328286
26,2017-12-09,2.3940579163305262,2.361500362056041,2.4103714416151902,2.3940579163305262,2.3940579163305262,-0.00840833391473866,-0.00840833391473866,-0.00840833391473866,-0.0008931750872332854,-0.0008931750872332854,-0.0008931750872332854,-0.007515158827505374,-0.007515158827505374,-0.007515158827505374,0.0,0.0,0.0,2.3856495824157875
27,2017-12-21,2.3941890698872355,2.348702925674251,2.399826881426646,2.3941890698872355,2.3941890698872355,-0.018710967684098793,-0.018710967684098793,-0.018710967684098793,-0.007423417490228784,-0.007423417490228784,-0.007423417490228784,-0.011287550193870009,-0.011287550193870009,-0.011287550193870009,0.0,0.0,0.0,2.375478102203137
28,2018-01-02,2.3943202234439442,2.349433963147068,2.4001328590417885,2.3943202234439442,2.3943202234439442,-0.019693281064854597,-0.019693281064854597,-0.019693281064854597,0.00185821413421516,0.00185821413421516,0.00185821413421516,-0.021551495199069758,-0.021551495199069758,-0.021551495199069758,0.0,0.0,0.0,2.3746269423790896
29,2018-01-14,2.394451377000653,2.34754603692187,2.398081510061097,2.394451377000653,2.394451377000653,-0.021693814584777253,-0.021693814584777253,-0.021693814584777253,0.0010738020978544368,0.0010738020978544368,0.0010738020978544368,-0.022767616682631688,-0.022767616682631688,-0.022767616682631688,0.0,0.0,0.0,2.3727575624158757
30,2018-01-26,2.394582530557362,2.370509586421005,2.421920602091023,2.394582530557362,2.394582530557362,0.0010690176563610823,0.0010690176563610823,0.0010690176563610823,0.008341193326278255,0.008341193326278255,0.008341193326278255,-0.007272175669917174,-0.007272175669917174,-0.007272175669917174,0.0,0.0,0.0,2.395651548213723
31,2018-02-07,2.3947136844013643,2.3591643922000416,2.4081821196904696,2.3947136844013643,2.3947136844013643,-0.01262137961622105,-0.01262137961622105,-0.01262137961622105,-0.0029771847428696962,-0.0029771847428696962,-0.0029771847428696962,-0.009644194873351357,-0.009644194873351357,-0.009644194873351357,0.0,0.0,0.0,2.3820923047851434
32,2018-06-19,2.3961563766853917,2.3873518760236534,2.4372941453119865,2.3961563766853917,2.3961563766853917,0.016548231507793207,0.016548231507793207,0.016548231507793207,0.0018582141342042289,0.0018582141342042289,0.0018582141342042289,0.014690017373588979,0.014690017373588979,0.014690017373588979,0.0,0.0,0.0,2.412704608193185
33,2018-07-01,2.3962875305293942,2.407192646787321,2.4588787231939206,2.3962875305293942,2.3962875305293942,0.034768524601390675,0.034768524601390675,0.034768524601390675,0.0010738020978454728,0.0010738020978454728,0.0010738020978454728,0.033694722503545195,0.033694722503545195,0.033694722503545195,0.0,0.0,0.0,2.4310560551307847
34,2018-07-13,2.3964186843733963,2.414660529887344,2.4678443751984553,2.3964186843733963,2.3964186843733963,0.04475706117713046,0.04475706117713046,0.04475706117713046,0.00834119332628787,0.00834119332628787,0.00834119332628787,0.036415867850842595,0.036415867850842595,0.036415867850842595,0.0,0.0,0.0,2.441175745550527
35,2018-07-25,2.3965498382173993,2.3906878083691643,2.439759330616487,2.3965498382173993,2.3965498382173993,0.01801142055992228,0.01801142055992228,0.01801142055992228,-0.0029771847428802967,-0.0029771847428802967,-0.0029771847428802967,0.020988605302802575,0.020988605302802575,0.020988605302802575,0.0,0.0,0.0,2.4145612587773218
36,2018-08-06,2.3966809920614014,2.3861831241519926,2.435367714576482,2.3966809920614014,2.3966809920614014,0.01497232859226434,0.01497232859226434,0.01497232859226434,2.056776199057735e-05,2.056776199057735e-05,2.056776199057735e-05,0.014951760830273763,0.014951760830273763,0.014951760830273763,0.0,0.0,0.0,2.4116533206536657
37,2018-08-18,2.396956540803611,2.3864890305187627,2.436696934826557,2.396956540803611,2.396956540803611,0.014907517671522309,0.014907517671522309,0.014907517671522309,-0.000893175087219751,-0.000893175087219751,-0.000893175087219751,0.015800692758742057,0.015800692758742057,0.015800692758742057,0.0,0.0,0.0,2.411864058475133
38,2018-08-24,2.3970943151747157,2.3953514000333165,2.445524006935832,2.3970943151747157,2.3970943151747157,0.02398905498591844,0.02398905498591844,0.02398905498591844,0.00834119332628522,0.00834119332628522,0.00834119332628522,0.015647861659633222,0.015647861659633222,0.015647861659633222,0.0,0.0,0.0,2.421083370160634
39,2018-08-30,2.3972320895458203,2.3800728766127675,2.4304487311462246,2.3972320895458203,2.3972320895458203,0.007400133182044597,0.007400133182044597,0.007400133182044597,-0.0074234174902309425,-0.0074234174902309425,-0.0074234174902309425,0.014823550672275539,0.014823550672275539,0.014823550672275539,0.0,0.0,0.0,2.404632222727865
40,2018-09-11,2.39750763828803,2.3819316298380477,2.432099379300834,2.39750763828803,2.39750763828803,0.010107329279123839,0.010107329279123839,0.010107329279123839,0.0018582141341787779,0.0018582141341787779,0.0018582141341787779,0.00824911514494506,0.00824911514494506,0.00824911514494506,0.0,0.0,0.0,2.407614967567154
41,2018-09-23,2.397783187030239,2.3681272548065446,2.4172984941535067,2.397783187030239,2.397783187030239,-0.0060683716393824146,-0.0060683716393824146,-0.0060683716393824146,0.0010738020978486662,0.0010738020978486662,0.0010738020978486662,-0.007142173737231082,-0.007142173737231082,-0.007142173737231082,0.0,0.0,0.0,2.3917148153908565
42,2018-10-05,2.398058735772449,2.363434654057439,2.4132141660151407,2.398058735772449,2.398058735772449,-0.010147565295817888,-0.010147565295817888,-0.010147565295817888,0.008341193326279892,0.008341193326279892,0.008341193326279892,-0.01848875862209778,-0.01848875862209778,-0.01848875862209778,0.0,0.0,0.0,2.387911170476631
43,2018-10-17,2.398473551322871,2.3487159002256695,2.3984016156122765,2.398473551322871,2.398473551322871,-0.023951584957651675,-0.023951584957651675,-0.023951584957651675,-0.002977184742853936,-0.002977184742853936,-0.002977184742853936,-0.02097440021479774,-0.02097440021479774,-0.02097440021479774,0.0,0.0,0.0,2.3745219663652195
44,2018-10-29,2.398888366873293,2.3482653089401317,2.3992243566875135,2.398888366873293,2.398888366873293,-0.023309900001876323,-0.023309900001876323,-0.023309900001876323,2.0567762014627255e-05,2.0567762014627255e-05,2.0567762014627255e-05,-0.023330467763890944,-0.023330467763890944,-0.023330467763890944,0.0,0.0,0.0,2.3755784668714166
45,2018-11-10,2.399303182423715,2.354592915679887,2.4041446754645093,2.399303182423715,2.399303182423715,-0.020464076015303475,-0.020464076015303475,-0.020464076015303475,-0.0008931750872266854,-0.0008931750872266854,-0.0008931750872266854,-0.019570900928076788,-0.019570900928076788,-0.019570900928076788,0.0,0.0,0.0,2.3788391064084116
46,2018-11-22,2.3997179979741374,2.3565556428182064,2.4076029681311986,2.3997179979741374,2.3997179979741374,-0.017470719921043727,-0.017470719921043727,-0.017470719921043727,-0.007423417490253069,-0.007423417490253069,-0.007423417490253069,-0.010047302430790658,-0.010047302430790658,-0.010047302430790658,0.0,0.0,0.0,2.382247278053094
47,2018-12-04,2.4001328135245594,2.3675607812612824,2.4197586840799525,2.4001328135245594,2.4001328135245594,-0.005171568941137097,-0.005171568941137097,-0.005171568941137097,0.0018582141341634765,0.0018582141341634765,0.0018582141341634765,-0.007029783075300572,-0.007029783075300572,-0.007029783075300572,0.0,0.0,0.0,2.3949612445834223
48,2018-12-16,2.4005476290749814,2.367431685676318,2.4178841645296747,2.4005476290749814,2.4005476290749814,-0.007869621965033631,-0.007869621965033631,-0.007869621965033631,0.0010738020978552077,0.0010738020978552077,0.0010738020978552077,-0.008943424062888838,-0.008943424062888838,-0.008943424062888838,0.0,0.0,0.0,2.392678007109948
49,2018-12-28,2.4010417905316355,2.3675498295838158,2.419229052791596,2.4010417905316355,2.4010417905316355,-0.00829267620368397,-0.00829267620368397,-0.00829267620368397,0.008341193326286907,0.008341193326286907,0.008341193326286907,-0.01663386952997088,-0.01663386952997088,-0.01663386952997088,0.0,0.0,0.0,2.3927491143279513
50,2019-01-09,2.401535951988289,2.348011061404807,2.398686139112793,2.401535951988289,2.401535951988289,-0.027928626093495036,-0.027928626093495036,-0.027928626093495036,-0.0029771847428765744,-0.0029771847428765744,-0.0029771847428765744,-0.02495144135061846,-0.02495144135061846,-0.02495144135061846,0.0,0.0,0.0,2.373607325894794
51,2019-01-21,2.4020301134449427,2.3631561667321725,2.4099635555070167,2.4020301134449427,2.4020301134449427,-0.014272473298415923,-0.014272473298415923,-0.014272473298415923,2.0567762000568165e-05,2.0567762000568165e-05,2.0567762000568165e-05,-0.01429304106041649,-0.01429304106041649,-0.01429304106041649,0.0,0.0,0.0,2.3877576401465266
52,2019-02-02,2.4025242749015963,2.3695630669006107,2.4226599923687515,2.4025242749015963,2.4025242749015963,-0.005543408934573942,-0.005543408934573942,-0.005543408934573942,-0.0008931750872336187,-0.0008931750872336187,-0.0008931750872336187,-0.004650233847340323,-0.004650233847340323,-0.004650233847340323,0.0,0.0,0.0,2.396980865967022
53,2019-02-14,2.40301843635825,2.3487031937460547,2.4013206509333385,2.40301843635825,2.40301843635825,-0.028371244471146,-0.028371244471146,-0.028371244471146,-0.007423417490243085,-0.007423417490243085,-0.007423417490243085,-0.020947826980902914,-0.020947826980902914,-0.020947826980902914,0.0,0.0,0.0,2.374647191887104
54,2019-02-26,2.4035125978149035,2.3536268471681403,2.4039291956462825,2.4035125978149035,2.4035125978149035,-0.02497006599624439,-0.02497006599624439,-0.02497006599624439,0.0018582141342173397,0.0018582141342173397,0.0018582141342173397,-0.026828280130461728,-0.026828280130461728,-0.026828280130461728,0.0,0.0,0.0,2.3785425318186593
55,2019-03-10,2.404006759294703,2.3676077872624486,2.418752691646348,2.404006759294703,2.404006759294703,-0.009313630476915287,-0.009313630476915287,-0.009313630476915287,0.0010738020978617497,0.0010738020978617497,0.0010738020978617497,-0.010387432574777039,-0.010387432574777039,-0.010387432574777039,0.0,0.0,0.0,2.3946931288177877
56,2019-03-22,2.4045009207745016,2.3763531067513237,2.4279445474800916,2.4045009207745016,2.4045009207745016,-0.0019250828972054252,-0.0019250828972054252,-0.0019250828972054252,0.008341193326278931,0.008341193326278931,0.008341193326278931,-0.010266276223484356,-0.010266276223484356,-0.010266276223484356,0.0,0.0,0.0,2.402575837877296
57,2019-04-03,2.4049950822543007,2.3631353202988086,2.4124843608178703,2.4049950822543007,2.4049950822543007,-0.0159593678259264,-0.0159593678259264,-0.0159593678259264,-0.002977184742876096,-0.002977184742876096,-0.002977184742876096,-0.0129821830830503,-0.0129821830830503,-0.0129821830830503,0.0,0.0,0.0,2.3890357144283745
58,2019-04-15,2.4054892437341002,2.387972073677138,2.4374849555224665,2.4054892437341002,2.4054892437341002,0.0061625485373835,0.0061625485373835,0.0061625485373835,2.056776202461753e-05,2.056776202461753e-05,2.056776202461753e-05,0.006141980775358882,0.006141980775358882,0.006141980775358882,0.0,0.0,0.0,2.4116517922714835
59,2019-04-27,2.405983405213899,2.3967522201098315,2.448200294104219,2.405983405213899,2.405983405213899,0.016158900194921708,0.016158900194921708,0.016158900194921708,-0.0008931750872316999,-0.0008931750872316999,-0.0008931750872316999,0.017052075282153405,0.017052075282153405,0.017052075282153405,0.0,0.0,0.0,2.4221423054088205
60,2019-05-09,2.406477566693698,2.3921119681197434,2.441229865908263,2.406477566693698,2.406477566693698,0.010004498954209547,0.010004498954209547,0.010004498954209547,-0.007423417490248397,-0.007423417490248397,-0.007423417490248397,0.017427916444457944,0.017427916444457944,0.017427916444457944,0.0,0.0,0.0,2.4164820656479074
61,2019-05-21,2.4069717281605563,2.4114171045393116,2.4595981827358524,2.4069717281605563,2.4069717281605563,0.02908787913497648,0.02908787913497648,0.02908787913497648,0.0018582141342020388,0.0018582141342020388,0.0018582141342020388,0.027229665000774443,0.027229665000774443,0.027229665000774443,0.0,0.0,0.0,2.4360596072955327
62,2019-06-02,2.407465889627415,2.408531465700396,2.458002732333466,2.407465889627415,2.407465889627415,0.02530435970075885,0.02530435970075885,0.02530435970075885,0.001073802097846245,0.001073802097846245,0.001073802097846245,0.024230557602912598,0.024230557602912598,0.024230557602912598,0.0,0.0,0.0,2.4327702493281738
63,2019-06-14,2.407960051094274,2.401015441460111,2.4542562453970365,2.407960051094274,2.407960051094274,0.02071292220901743,0.02071292220901743,0.02071292220901743,0.008341193326292105,0.008341193326292105,0.008341193326292105,0.012371728882725324,0.012371728882725324,0.012371728882725324,0.0,0.0,0.0,2.428672973303291
64,2019-06-26,2.408454212561132,2.40391332299897,2.4559657759089593,2.408454212561132,2.408454212561132,0.021925332186876496,0.021925332186876496,0.021925332186876496,-0.002977184742849735,-0.002977184742849735,-0.002977184742849735,0.024902516929726233,0.024902516929726233,0.024902516929726233,0.0,0.0,0.0,2.4303795447480088
65,2019-07-08,2.4089483740279904,2.422284596683808,2.4739329291293735,2.4089483740279904,2.4089483740279904,0.03895222613807484,0.03895222613807484,0.03895222613807484,2.0567762020812127e-05,2.0567762020812127e-05,2.0567762020812127e-05,0.03893165837605403,0.03893165837605403,0.03893165837605403,0.0,0.0,0.0,2.4479006001660655
66,2019-07-20,2.409442535494849,2.410850171054185,2.4616621595122425,2.409442535494849,2.409442535494849,0.02691293843005347,0.02691293843005347,0.02691293843005347,-0.0008931750872258918,-0.0008931750872258918,-0.0008931750872258918,0.027806113517279366,0.027806113517279366,0.027806113517279366,0.0,0.0,0.0,2.4363554739249027
67,2019-08-13,2.410277395222835,2.4018318307752624,2.453882528273753,2.410277395222835,2.410277395222835,0.017308339707203482,0.017308339707203482,0.017308339707203482,0.001858214134176587,0.001858214134176587,0.001858214134176587,0.01545012557302689,0.01545012557302689,0.01545012557302689,0.0,0.0,0.0,2.4275857349300387
68,2019-08-25,2.410694825086828,2.400670724000413,2.4527908915240313,2.410694825086828,2.410694825086828,0.016660338058228745,0.016660338058228745,0.016660338058228745,0.001073802097852786,0.001073802097852786,0.001073802097852786,0.015586535960375958,0.015586535960375958,0.015586535960375958,0.0,0.0,0.0,2.427355163145057
69,2019-09-06,2.4111122549508206,2.406457021085714,2.457576107895665,2.4111122549508206,2.4111122549508206,0.02063966529580826,0.02063966529580826,0.02063966529580826,0.008341193326284127,0.008341193326284127,0.008341193326284127,0.01229847196952413,0.01229847196952413,0.01229847196952413,0.0,0.0,0.0,2.431751920246629
70,2019-09-18,2.4115296848148136,2.3829235195724943,2.435229816705724,2.4115296848148136,2.4115296848148136,-0.002828039475544231,-0.002828039475544231,-0.002828039475544231,-0.0029771847428608166,-0.0029771847428608166,-0.0029771847428608166,0.00014914526731658507,0.00014914526731658507,0.00014914526731658507,0.0,0.0,0.0,2.4087016453392693
71,2019-09-30,2.4119471146788065,2.370203901559413,2.422396549096143,2.4119471146788065,2.4119471146788065,-0.014931882035375302,-0.014931882035375302,-0.014931882035375302,2.0567761989150073e-05,2.0567761989150073e-05,2.0567761989150073e-05,-0.01495244979736445,-0.01495244979736445,-0.01495244979736445,0.0,0.0,0.0,2.3970152326434313
72,2019-10-12,2.4123645445428,2.364810808541942,2.4174521972786103,2.4123645445428,2.4123645445428,-0.02116486145923775,-0.02116486145923775,-0.02116486145923775,-0.0008931750872200846,-0.0008931750872200846,-0.0008931750872200846,-0.020271686372017664,-0.020271686372017664,-0.020271686372017664,0.0,0.0,0.0,2.391199683083562
73,2019-10-24,2.412608027394784,2.3575347863921445,2.4069020018822127,2.412608027394784,2.412608027394784,-0.029785142196759772,-0.029785142196759772,-0.029785142196759772,-0.007423417490245244,-0.007423417490245244,-0.007423417490245244,-0.022361724706514527,-0.022361724706514527,-0.022361724706514527,0.0,0.0,0.0,2.382822885198024
74,2019-11-05,2.412851510246768,2.3665233817615547,2.417775653303427,2.412851510246768,2.412851510246768,-0.02066742518358402,-0.02066742518358402,-0.02066742518358402,0.001858214134191108,0.001858214134191108,0.001858214134191108,-0.022525639317775126,-0.022525639317775126,-0.022525639317775126,0.0,0.0,0.0,2.392184085063184
75,2019-11-17,2.4130949930987518,2.375255569939521,2.4226551031406447,2.4130949930987518,2.4130949930987518,-0.012895220554352283,-0.012895220554352283,-0.012895220554352283,0.0010738020978559785,0.0010738020978559785,0.0010738020978559785,-0.01396902265220826,-0.01396902265220826,-0.01396902265220826,0.0,0.0,0.0,2.4001997725443993
76,2019-11-29,2.4133384759507357,2.388547993240858,2.440480670457569,2.4133384759507357,2.4133384759507357,0.0009773733110539629,0.0009773733110539629,0.0009773733110539629,0.008341193326291144,0.008341193326291144,0.008341193326291144,-0.007363820015237181,-0.007363820015237181,-0.007363820015237181,0.0,0.0,0.0,2.4143158492617895
77,2019-12-11,2.41358195880272,2.379735066703009,2.4284608407546884,2.41358195880272,2.41358195880272,-0.010719557771641311,-0.010719557771641311,-0.010719557771641311,-0.0029771847428603357,-0.0029771847428603357,-0.0029771847428603357,-0.007742373028780975,-0.007742373028780975,-0.007742373028780975,0.0,0.0,0.0,2.402862401031079
78,2019-12-23,2.4138254416547036,2.3785685999551336,2.4239062524872645,2.4138254416547036,2.4138254416547036,-0.012234341880607149,-0.012234341880607149,-0.012234341880607149,2.0567762002946424e-05,2.0567762002946424e-05,2.0567762002946424e-05,-0.012254909642610097,-0.012254909642610097,-0.012254909642610097,0.0,0.0,0.0,2.4015910997740963
79,2020-01-04,2.414068924506688,2.3662088302184223,2.4182252699183424,2.414068924506688,2.414068924506688,-0.023642371178422075,-0.023642371178422075,-0.023642371178422075,-0.0008931750872054232,-0.0008931750872054232,-0.0008931750872054232,-0.02274919609121665,-0.02274919609121665,-0.02274919609121665,0.0,0.0,0.0,2.390426553328266
80,2020-01-16,2.414246676550668,2.359963155308293,2.4106074359989456,2.414246676550668,2.414246676550668,-0.02873076583031615,-0.02873076583031615,-0.02873076583031615,-0.00742341749023526,-0.00742341749023526,-0.00742341749023526,-0.02130734834008089,-0.02130734834008089,-0.02130734834008089,0.0,0.0,0.0,2.385515910720352
81,2020-01-28,2.4144244285946477,2.385145607924982,2.4353369236004,2.4144244285946477,2.4144244285946477,-0.004009674300220218,-0.004009674300220218,-0.004009674300220218,0.001858214134165656,0.001858214134165656,0.001858214134165656,-0.0058678884343858735,-0.0058678884343858735,-0.0058678884343858735,0.0,0.0,0.0,2.4104147542944276
82,2020-02-09,2.414602180638628,2.3781387377534027,2.4300589196135753,2.414602180638628,2.414602180638628,-0.01087747432629839,-0.01087747432629839,-0.01087747432629839,0.001073802097842148,0.001073802097842148,0.001073802097842148,-0.01195127642414054,-0.01195127642414054,-0.01195127642414054,0.0,0.0,0.0,2.4037247063123295
83,2020-02-21,2.414779932682608,2.3703996338597135,2.418920863279075,2.414779932682608,2.414779932682608,-0.019955173481162655,-0.019955173481162655,-0.019955173481162655,0.008341193326283166,0.008341193326283166,0.008341193326283166,-0.028296366807445822,-0.028296366807445822,-0.028296366807445822,0.0,0.0,0.0,2.394824759201445
84,2020-03-04,2.4149576847265877,2.3688828759325573,2.4196103033519445,2.4149576847265877,2.4149576847265877,-0.020660593484197916,-0.020660593484197916,-0.020660593484197916,-0.002977184742871417,-0.002977184742871417,-0.002977184742871417,-0.017683408741326498,-0.017683408741326498,-0.017683408741326498,0.0,0.0,0.0,2.3942970912423895
85,2020-03-16,2.4151354367705675,2.3825107802185395,2.433848219594843,2.4151354367705675,2.4151354367705675,-0.007407498826607149,-0.007407498826607149,-0.007407498826607149,2.056776201674277e-05,2.056776201674277e-05,2.056776201674277e-05,-0.0074280665886238915,-0.0074280665886238915,-0.0074280665886238915,0.0,0.0,0.0,2.4077279379439602
86,2020-03-28,2.4153131881036387,2.3747596634218042,2.4229042875907627,2.4153131881036387,2.4153131881036387,-0.015286068333290766,-0.015286068333290766,-0.015286068333290766,-0.0008931750872466952,-0.0008931750872466952,-0.0008931750872466952,-0.014392893246044071,-0.014392893246044071,-0.014392893246044071,0.0,0.0,0.0,2.400027119770348
87,2020-04-09,2.41549093943671,2.380902241971086,2.430755255777555,2.41549093943671,2.41549093943671,-0.01101045827273657,-0.01101045827273657,-0.01101045827273657,-0.007423417490225275,-0.007423417490225275,-0.007423417490225275,-0.0035870407825112946,-0.0035870407825112946,-0.0035870407825112946,0.0,0.0,0.0,2.4044804811639735
88,2020-04-21,2.415668690769781,2.4077027320899367,2.457224107951512,2.415668690769781,2.415668690769781,0.016872142025938393,0.016872142025938393,0.016872142025938393,0.0018582141341903292,0.0018582141341903292,0.0018582141341903292,0.015013927891748064,0.015013927891748064,0.015013927891748064,0.0,0.0,0.0,2.4325408327957194
89,2020-05-03,2.4158464421028523,2.40777761370971,2.460333250101489,2.4158464421028523,2.4158464421028523,0.017550535378410698,0.017550535378410698,0.017550535378410698,0.0010738020978673878,0.0010738020978673878,0.0010738020978673878,0.016476733280543308,0.016476733280543308,0.016476733280543308,0.0,0.0,0.0,2.433396977481263
90,2020-05-15,2.416024193435923,2.4241993792739653,2.4727799200982594,2.416024193435923,2.416024193435923,0.03091535051554547,0.03091535051554547,0.03091535051554547,0.008341193326285764,0.008341193326285764,0.008341193326285764,0.022574157189259703,0.022574157189259703,0.022574157189259703,0.0,0.0,0.0,2.4469395439514683
91,2020-05-27,2.416201944768994,2.415859580892926,2.465793815429106,2.416201944768994,2.416201944768994,0.025526959677027936,0.025526959677027936,0.025526959677027936,-0.0029771847428566147,-0.0029771847428566147,-0.0029771847428566147,0.02850414441988455,0.02850414441988455,0.02850414441988455,0.0,0.0,0.0,2.441728904446022
92,2020-06-08,2.416379696123597,2.4075669164661484,2.4586275579830383,2.416379696123597,2.416379696123597,0.015886669116626284,0.015886669116626284,0.015886669116626284,2.05677620129371e-05,2.05677620129371e-05,2.05677620129371e-05,0.01586610135461335,0.01586610135461335,0.01586610135461335,0.0,0.0,0.0,2.432266365240223
93,2020-06-20,2.4165574474781994,2.40858794463925,2.456297584950016,2.4165574474781994,2.4165574474781994,0.01553508424417587,0.01553508424417587,0.01553508424417587,-0.0008931750872192909,-0.0008931750872192909,-0.0008931750872192909,0.01642825933139516,0.01642825933139516,0.01642825933139516,0.0,0.0,0.0,2.4320925317223754
94,2020-07-02,2.4167351988328023,2.4190950502446613,2.4716340522340605,2.4167351988328023,2.4167351988328023,0.02821078954269889,0.02821078954269889,0.02821078954269889,-0.0074234174902627,-0.0074234174902627,-0.0074234174902627,0.035634207032961586,0.035634207032961586,0.035634207032961586,0.0,0.0,0.0,2.444945988375501
95,2020-07-14,2.416912950187405,2.427776021562471,2.478531099354206,2.416912950187405,2.416912950187405,0.03669193527342753,0.03669193527342753,0.03669193527342753,0.001858214134204219,0.001858214134204219,0.001858214134204219,0.03483372113922331,0.03483372113922331,0.03483372113922331,0.0,0.0,0.0,2.4536048854608326
96,2020-07-26,2.4170907015420076,2.4119578853932375,2.4627613970963993,2.4170907015420076,2.4170907015420076,0.020513526650579483,0.020513526650579483,0.020513526650579483,0.0010738020978518826,0.0010738020978518826,0.0010738020978518826,0.019439724552727602,0.019439724552727602,0.019439724552727602,0.0,0.0,0.0,2.437604228192587
97,2020-08-07,2.41726845289661,2.414564417685365,2.4676362357715,2.41726845289661,2.41726845289661,0.02332080181375449,0.02332080181375449,0.02332080181375449,0.00834119332629278,0.00834119332629278,0.00834119332629278,0.014979608487461712,0.014979608487461712,0.014979608487461712,0.0,0.0,0.0,2.4405892547103645
98,2020-08-19,2.41733159491259,2.405091117007158,2.453670119259369,2.41733159491259,2.41733159491259,0.012842053261275367,0.012842053261275367,0.012842053261275367,-0.0029771847428676943,-0.0029771847428676943,-0.0029771847428676943,0.01581923800414306,0.01581923800414306,0.01581923800414306,0.0,0.0,0.0,2.4301736481738656
99,2020-08-25,2.4173631659205803,2.4096887946553007,2.459427580025263,2.4173631659205803,2.4173631659205803,0.017373395185441225,0.017373395185441225,0.017373395185441225,0.0018582141342117948,0.0018582141342117948,0.0018582141342117948,0.01551518105122943,0.01551518105122943,0.01551518105122943,0.0,0.0,0.0,2.4347365611060217
100,2020-08-31,2.4173947369285704,2.407052371771761,2.4572868526841005,2.4173947369285704,2.4173947369285704,0.014477178025690474,0.014477178025690474,0.014477178025690474,2.0567762036987004e-05,2.0567762036987004e-05,2.0567762036987004e-05,0.014456610263653486,0.014456610263653486,0.014456610263653486,0.0,0.0,0.0,2.431871914954261
101,2020-09-12,2.41745787894455,2.3979133131520114,2.4486396947452715,2.41745787894455,2.41745787894455,0.005806638263217954,0.005806638263217954,0.005806638263217954,-0.0008931750872173714,-0.0008931750872173714,-0.0008931750872173714,0.0066998133504353255,0.0066998133504353255,0.0066998133504353255,0.0,0.0,0.0,2.4232645172077683
102,2020-09-24,2.4175210209605305,2.3777468999569,2.4259506358770335,2.4175210209605305,2.4175210209605305,-0.01654810384130959,-0.01654810384130959,-0.01654810384130959,-0.007423417490252715,-0.007423417490252715,-0.007423417490252715,-0.009124686351056874,-0.009124686351056874,-0.009124686351056874,0.0,0.0,0.0,2.400972917119221
103,2020-10-06,2.4175841629765107,2.376208956500121,2.4277419982905863,2.4175841629765107,2.4175841629765107,-0.01723407877313465,-0.01723407877313465,-0.01723407877313465,0.0018582141341990691,0.0018582141341990691,0.0018582141341990691,-0.019092292907333726,-0.019092292907333726,-0.019092292907333726,0.0,0.0,0.0,2.4003500842033763
104,2020-10-18,2.417577094340632,2.3701870945907255,2.4231278517694452,2.417577094340632,2.417577094340632,-0.020152204300909696,-0.020152204300909696,-0.020152204300909696,0.0010738020978397263,0.0010738020978397263,0.0010738020978397263,-0.021226006398749428,-0.021226006398749428,-0.021226006398749428,0.0,0.0,0.0,2.397424890039722
105,2020-10-30,2.417570025704753,2.3779241212019477,2.4276256287103135,2.417570025704753,2.417570025704753,-0.015074325651175636,-0.015074325651175636,-0.015074325651175636,0.00834119332629096,0.00834119332629096,0.00834119332629096,-0.023415518977466594,-0.023415518977466594,-0.023415518977466594,0.0,0.0,0.0,2.4024957000535774
106,2020-11-11,2.417562957068874,2.3719680426530285,2.42163266465935,2.417562957068874,2.417562957068874,-0.021396294346891383,-0.021396294346891383,-0.021396294346891383,-0.002977184742878773,-0.002977184742878773,-0.002977184742878773,-0.018419109604012607,-0.018419109604012607,-0.018419109604012607,0.0,0.0,0.0,2.3961666627219826
107,2020-11-23,2.4175558884329953,2.384811094675248,2.4346682570535654,2.4175558884329953,2.4175558884329953,-0.009175236900463114,-0.009175236900463114,-0.009175236900463114,2.0567761977468838e-05,2.0567761977468838e-05,2.0567761977468838e-05,-0.009195804662440578,-0.009195804662440578,-0.009195804662440578,0.0,0.0,0.0,2.408380651532532
108,2020-12-05,2.417548819797116,2.384223743158673,2.4354432249993136,2.417548819797116,2.417548819797116,-0.008004646808134763,-0.008004646808134763,-0.008004646808134763,-0.0008931750872331597,-0.0008931750872331597,-0.0008931750872331597,-0.0071114717209016035,-0.0071114717209016035,-0.0071114717209016035,0.0,0.0,0.0,2.4095441729889813
109,2020-12-17,2.417541751161237,2.375542887449647,2.423961740042543,2.417541751161237,2.417541751161237,-0.016887776316124117,-0.016887776316124117,-0.016887776316124117,-0.00742341749024273,-0.00742341749024273,-0.00742341749024273,-0.009464358825881387,-0.009464358825881387,-0.009464358825881387,0.0,0.0,0.0,2.4006539748451132
110,2020-12-29,2.417520598316867,2.3782646191607046,2.4272769937672023,2.417520598316867,2.417520598316867,-0.016209454136457236,-0.016209454136457236,-0.016209454136457236,0.0018582141341736175,0.0018582141341736175,0.0018582141341736175,-0.018067668270630857,-0.018067668270630857,-0.018067668270630857,0.0,0.0,0.0,2.4013111441804096
111,2021-01-10,2.417499445472496,2.3702739555131895,2.4200516124721663,2.417499445472496,2.417499445472496,-0.02374041058735988,-0.02374041058735988,-0.02374041058735988,0.0010738020978445942,0.0010738020978445942,0.0010738020978445942,-0.02481421268520447,-0.02481421268520447,-0.02481421268520447,0.0,0.0,0.0,2.3937590348851363
112,2021-01-22,2.4174782926281257,2.3885013762724463,2.439447922031624,2.4174782926281257,2.4174782926281257,-0.0037562815787701752,-0.0037562815787701752,-0.0037562815787701752,0.008341193326276825,0.008341193326276825,0.008341193326276825,-0.012097474905047001,-0.012097474905047001,-0.012097474905047001,0.0,0.0,0.0,2.4137220110493556
113,2021-02-03,2.417457139783755,2.383149787279865,2.4350454688283008,2.417457139783755,2.417457139783755,-0.008460587872508809,-0.008460587872508809,-0.008460587872508809,-0.0029771847428408543,-0.0029771847428408543,-0.0029771847428408543,-0.005483403129667953,-0.005483403129667953,-0.005483403129667953,0.0,0.0,0.0,2.408996551911246
114,2021-02-15,2.4174359869393847,2.368659047602497,2.419352726576814,2.4174359869393847,2.4174359869393847,-0.023253663480349514,-0.023253663480349514,-0.023253663480349514,2.056776200151955e-05,2.056776200151955e-05,2.056776200151955e-05,-0.023274231242351038,-0.023274231242351038,-0.023274231242351038,0.0,0.0,0.0,2.3941823234590354
115,2021-02-27,2.417414834095014,2.366705376380434,2.4160996320620076,2.417414834095014,2.417414834095014,-0.026178418301439584,-0.026178418301439584,-0.026178418301439584,-0.00089317508723124,-0.00089317508723124,-0.00089317508723124,-0.025285243214208337,-0.025285243214208337,-0.025285243214208337,0.0,0.0,0.0,2.3912364157935744
116,2021-03-11,2.4173927701599878,2.3767180809388995,2.4255727276860237,2.4173927701599878,2.4173927701599878,-0.016400898939193918,-0.016400898939193918,-0.016400898939193918,-0.007423417490249562,-0.007423417490249562,-0.007423417490249562,-0.008977481448944358,-0.008977481448944358,-0.008977481448944358,0.0,0.0,0.0,2.400991871220794
117,2021-03-23,2.4173707062249616,2.381146236817684,2.4327654542530723,2.4173707062249616,2.4173707062249616,-0.009559676796081456,-0.009559676796081456,-0.009559676796081456,0.0018582141341779881,0.0018582141341779881,0.0018582141341779881,-0.011417890930259442,-0.011417890930259442,-0.011417890930259442,0.0,0.0,0.0,2.4078110294288804
118,2021-04-04,2.417348642289935,2.382878218637466,2.431409672916586,2.417348642289935,2.417348642289935,-0.010471469790485749,-0.010471469790485749,-0.010471469790485749,0.0010738020978494605,0.0010738020978494605,0.0010738020978494605,-0.011545271888335207,-0.011545271888335207,-0.011545271888335207,0.0,0.0,0.0,2.406877172499449
119,2021-04-16,2.417326578354909,2.4107732479378705,2.45922867952794,2.417326578354909,2.417326578354909,0.017000443035336876,0.017000443035336876,0.017000443035336876,0.008341193326283842,0.008341193326283842,0.008341193326283842,0.00865924970905303,0.00865924970905303,0.00865924970905303,0.0,0.0,0.0,2.4343270213902457
120,2021-04-28,2.417304514419883,2.404457595497521,2.457267408889064,2.417304514419883,2.417304514419883,0.014063889783192531,0.014063889783192531,0.014063889783192531,-0.002977184742900934,-0.002977184742900934,-0.002977184742900934,0.017041074526093464,0.017041074526093464,0.017041074526093464,0.0,0.0,0.0,2.4313684042030754
121,2021-05-10,2.4172824504848567,2.411307353043072,2.461746522265908,2.4172824504848567,2.4172824504848567,0.01824939784519396,0.01824939784519396,0.01824939784519396,2.0567762005061133e-05,2.0567762005061133e-05,2.0567762005061133e-05,0.018228830083188898,0.018228830083188898,0.018228830083188898,0.0,0.0,0.0,2.4355318483300508
122,2021-05-22,2.417260386496582,2.419433038826519,2.468923761098211,2.417260386496582,2.417260386496582,0.0272425356867269,0.0272425356867269,0.0272425356867269,-0.0008931750872038359,-0.0008931750872038359,-0.0008931750872038359,0.028135710773930733,0.028135710773930733,0.028135710773930733,0.0,0.0,0.0,2.444502922183309
123,2021-06-03,2.4172383225083074,2.4048897186409435,2.458247830257018,2.4172383225083074,2.4172383225083074,0.014985850501070623,0.014985850501070623,0.014985850501070623,-0.0074234174902227616,-0.0074234174902227616,-0.0074234174902227616,0.022409267991293388,0.022409267991293388,0.022409267991293388,0.0,0.0,0.0,2.432224173009378
124,2021-06-15,2.417216258520033,2.407594782370474,2.454161595498791,2.417216258520033,2.417216258520033,0.014255378734607553,0.014255378734607553,0.014255378734607553,0.0018582141341823577,0.0018582141341823577,0.0018582141341823577,0.012397164600425194,0.012397164600425194,0.012397164600425194,0.0,0.0,0.0,2.4314716372546408
125,2021-06-27,2.4171941945317585,2.4200336230741866,2.4709683921249397,2.4171941945317585,2.4171941945317585,0.02866228617835115,0.02866228617835115,0.02866228617835115,0.0010738020978747008,0.0010738020978747008,0.0010738020978747008,0.027588484080476452,0.027588484080476452,0.027588484080476452,0.0,0.0,0.0,2.4458564807101095
126,2021-07-09,2.417172130543484,2.440059770525615,2.488385268236372,2.417172130543484,2.417172130543484,0.047113555305748386,0.047113555305748386,0.047113555305748386,0.00834119332628202,0.00834119332628202,0.00834119332628202,0.038772361979466374,0.038772361979466374,0.038772361979466374,0.0,0.0,0.0,2.4642856858492324
127,2021-07-21,2.4171500665552093,2.4146069767090363,2.464548159157808,2.4171500665552093,2.4171500665552093,0.02272907909555399,0.02272907909555399,0.02272907909555399,-0.0029771847428630145,-0.0029771847428630145,-0.0029771847428630145,0.02570626383841701,0.02570626383841701,0.02570626383841701,0.0,0.0,0.0,2.4398791456507634
128,2021-08-02,2.417128002543154,2.40802911260731,2.4581781805606018,2.417128002543154,2.417128002543154,0.015440417813237198,0.015440417813237198,0.015440417813237198,2.0567762029111305e-05,2.0567762029111305e-05,2.0567762029111305e-05,0.015419850051208083,0.015419850051208083,0.015419850051208083,0.0,0.0,0.0,2.4325684203563913
129,2021-08-14,2.417105938531099,2.405857385113951,2.4569808914564275,2.417105938531099,2.417105938531099,0.014695822457346243,0.014695822457346243,0.014695822457346243,-0.000893175087245109,-0.000893175087245109,-0.000893175087245109,0.015588997544591353,0.015588997544591353,0.015588997544591353,0.0,0.0,0.0,2.4318017609884452
130,2021-08-26,2.4170838745190433,2.4020675160045886,2.4494292361221457,2.4170838745190433,2.4170838745190433,0.00800971809286527,0.00800971809286527,0.00800971809286527,-0.0074234174902601865,-0.0074234174902601865,-0.0074234174902601865,0.015433135583125457,0.015433135583125457,0.015433135583125457,0.0,0.0,0.0,2.4250935926119084
131,2021-09-07,2.417061810506988,2.4028613377896093,2.454320091977363,2.417061810506988,2.417061810506988,0.013215795629879748,0.013215795629879748,0.013215795629879748,0.0018582141342165506,0.0018582141342165506,0.0018582141342165506,0.011357581495663195,0.011357581495663195,0.011357581495663195,0.0,0.0,0.0,2.430277606136868
132,2021-09-19,2.417039746494933,2.392324933796338,2.4424031774486994,2.417039746494933,2.417039746494933,-0.0008557950962762729,-0.0008557950962762729,-0.0008557950962762729,0.001073802097859195,0.001073802097859195,0.001073802097859195,-0.0019295971941354676,-0.0019295971941354676,-0.0019295971941354676,0.0,0.0,0.0,2.4161839513986565
133,2021-10-01,2.4170176824828777,2.3847369955046624,2.433917211742858,2.4170176824828777,2.4170176824828777,-0.007865482745634469,-0.007865482745634469,-0.007865482745634469,0.008341193326289038,0.008341193326289038,0.008341193326289038,-0.01620667607192351,-0.01620667607192351,-0.01620667607192351,0.0,0.0,0.0,2.4091521997372434
134,2021-10-13,2.4170325465066926,2.3680062936937256,2.418830665885121,2.4170325465066926,2.4170325465066926,-0.023446576390002524,-0.023446576390002524,-0.023446576390002524,-0.0029771847428482117,-0.0029771847428482117,-0.0029771847428482117,-0.020469391647154313,-0.020469391647154313,-0.020469391647154313,0.0,0.0,0.0,2.39358597011669
135,2021-10-25,2.4170474105305075,2.368077699253897,2.4202374579503556,2.4170474105305075,2.4170474105305075,-0.022681660469410246,-0.022681660469410246,-0.022681660469410246,2.05677620253059e-05,2.05677620253059e-05,2.05677620253059e-05,-0.022702228231435553,-0.022702228231435553,-0.022702228231435553,0.0,0.0,0.0,2.3943657500610973
136,2021-11-06,2.417062274554322,2.369055432193298,2.4189302687575944,2.417062274554322,2.417062274554322,-0.02277649148475248,-0.02277649148475248,-0.02277649148475248,-0.0008931750872177047,-0.0008931750872177047,-0.0008931750872177047,-0.02188331639753478,-0.02188331639753478,-0.02188331639753478,0.0,0.0,0.0,2.3942857830695696
137,2021-11-18,2.417077138578137,2.3717254081369594,2.421944268961563,2.417077138578137,2.417077138578137,-0.02015564624498588,-0.02015564624498588,-0.02015564624498588,-0.007423417490267017,-0.007423417490267017,-0.007423417490267017,-0.012732228754718865,-0.012732228754718865,-0.012732228754718865,0.0,0.0,0.0,2.396921492333151
138,2021-11-30,2.4170920026019513,2.387219071669604,2.437032126658669,2.4170920026019513,2.4170920026019513,-0.005285650571519556,-0.005285650571519556,-0.005285650571519556,0.0018582141341910979,0.0018582141341910979,0.0018582141341910979,-0.007143864705710654,-0.007143864705710654,-0.007143864705710654,0.0,0.0,0.0,2.411806352030432
139,2021-12-12,2.4171068666257662,2.384592484851069,2.4350683807705757,2.4171068666257662,2.4171068666257662,-0.0069373337694078885,-0.0069373337694078885,-0.0069373337694078885,0.0010738020978470397,0.0010738020978470397,0.0010738020978470397,-0.008011135867254928,-0.008011135867254928,-0.008011135867254928,0.0,0.0,0.0,2.4101695328563584
140,2021-12-24,2.41719499799421,2.3859111101054467,2.4351571498281905,2.41719499799421,2.41719499799421,-0.005019749547174421,-0.005019749547174421,-0.005019749547174421,0.008341193326287218,0.008341193326287218,0.008341193326287218,-0.013360942873461639,-0.013360942873461639,-0.013360942873461639,0.0,0.0,0.0,2.4121752484470353
141,2022-01-05,2.417283129362653,2.3644771581632154,2.414361474312212,2.417283129362653,2.417283129362653,-0.026718414161128693,-0.026718414161128693,-0.026718414161128693,-0.0029771847428851743,-0.0029771847428851743,-0.0029771847428851743,-0.023741229418243522,-0.023741229418243522,-0.023741229418243522,0.0,0.0,0.0,2.390564715201524
142,2022-01-17,2.4173712607310964,2.373767492117849,2.423690632933714,2.4173712607310964,2.4173712607310964,-0.01952338629049383,-0.01952338629049383,-0.01952338629049383,2.0567761993643715e-05,2.0567761993643715e-05,2.0567761993643715e-05,-0.01954395405248747,-0.01954395405248747,-0.01954395405248747,0.0,0.0,0.0,2.3978478744406027
143,2022-01-29,2.41745939209954,2.3866639463482118,2.4366018251292574,2.41745939209954,2.41745939209954,-0.005783411414942426,-0.005783411414942426,-0.005783411414942426,-0.0008931750872334927,-0.0008931750872334927,-0.0008931750872334927,-0.004890236327708933,-0.004890236327708933,-0.004890236327708933,0.0,0.0,0.0,2.4116759806845978
144,2022-02-10,2.4175475234679835,2.372058530985711,2.421040890424396,2.4175475234679835,2.4175475234679835,-0.021899637695532315,-0.021899637695532315,-0.021899637695532315,-0.007423417490240216,-0.007423417490240216,-0.007423417490240216,-0.014476220205292097,-0.014476220205292097,-0.014476220205292097,0.0,0.0,0.0,2.3956478857724512
145,2022-03-06,2.41772378620487,2.3775845051443176,2.42938973350692,2.41772378620487,2.41772378620487,-0.014280761262912708,-0.014280761262912708,-0.014280761262912708,0.0010738020978315341,0.0010738020978315341,0.0010738020978315341,-0.015354563360744243,-0.015354563360744243,-0.015354563360744243,0.0,0.0,0.0,2.4034430249419576
146,2022-03-18,2.4178762476101587,2.3936682617449607,2.4443345724930237,2.4178762476101587,2.4178762476101587,0.00043470449261847526,0.00043470449261847526,0.00043470449261847526,0.008341193326294235,0.008341193326294235,0.008341193326294235,-0.007906488833675758,-0.007906488833675758,-0.007906488833675758,0.0,0.0,0.0,2.418310952102777
147,2022-03-30,2.4180287090154473,2.375741301464727,2.424767722424931,2.4180287090154473,2.4180287090154473,-0.017525538273260526,-0.017525538273260526,-0.017525538273260526,-0.002977184742847254,-0.002977184742847254,-0.002977184742847254,-0.014548353530413274,-0.014548353530413274,-0.014548353530413274,0.0,0.0,0.0,2.4005031707421867
148,2022-04-11,2.418181170420736,2.3922969750532843,2.442489831496505,2.418181170420736,2.418181170420736,-0.0007822951878263286,-0.0007822951878263286,-0.0007822951878263286,2.0567761989837908e-05,2.0567761989837908e-05,2.0567761989837908e-05,-0.0008028629498161668,-0.0008028629498161668,-0.0008028629498161668,0.0,0.0,0.0,2.4173988752329096
149,2022-04-23,2.4183336318260245,2.410353047560059,2.461952829216947,2.4183336318260245,2.4183336318260245,0.015113648324264163,0.015113648324264163,0.015113648324264163,-0.000893175087231573,-0.000893175087231573,-0.000893175087231573,0.016006823411495733,0.016006823411495733,0.016006823411495733,0.0,0.0,0.0,2.4334472801502884
150,2022-05-05,2.418486093231313,2.400355187746467,2.4529686341637,2.418486093231313,2.418486093231313,0.009063248340746566,0.009063248340746566,0.009063248340746566,-0.007423417490247048,-0.007423417490247048,-0.007423417490247048,0.016486665830993615,0.016486665830993615,0.016486665830993615,0.0,0.0,0.0,2.4275493415720595
151,2022-05-17,2.4186385546366016,2.4176604217139652,2.4705894235500265,2.4186385546366016,2.4186385546366016,0.02587873122866833,0.02587873122866833,0.02587873122866833,0.0018582141341604965,0.0018582141341604965,0.0018582141341604965,0.024020517094507834,0.024020517094507834,0.024020517094507834,0.0,0.0,0.0,2.44451728586527
152,2022-05-29,2.418875879757521,2.422536283044568,2.472513540935808,2.418875879757521,2.418875879757521,0.0287877216205558,0.0287877216205558,0.0287877216205558,0.0010738020978567741,0.0010738020978567741,0.0010738020978567741,0.02771391952269903,0.02771391952269903,0.02771391952269903,0.0,0.0,0.0,2.4476636013780766
153,2022-06-10,2.4191132048784407,2.418102705315048,2.4669441197924336,2.4191132048784407,2.4191132048784407,0.022725944006589803,0.022725944006589803,0.022725944006589803,0.008341193326280099,0.008341193326280099,0.008341193326280099,0.014384750680309706,0.014384750680309706,0.014384750680309706,0.0,0.0,0.0,2.4418391488850304
154,2022-06-22,2.41935052999936,2.4093086860260784,2.460107137665858,2.41935052999936,2.41935052999936,0.015569341254599073,0.015569341254599073,0.015569341254599073,-0.002977184742832453,-0.002977184742832453,-0.002977184742832453,0.018546525997431527,0.018546525997431527,0.018546525997431527,0.0,0.0,0.0,2.434919871253959
155,2022-07-04,2.4195878551202794,2.432225454601081,2.4818228627301244,2.4195878551202794,2.4195878551202794,0.037188209334501024,0.037188209334501024,0.037188209334501024,2.0567762013887812e-05,2.0567762013887812e-05,2.0567762013887812e-05,0.03716764157248714,0.03716764157248714,0.03716764157248714,0.0,0.0,0.0,2.4567760644547803
156,2022-07-16,2.4198251802411987,2.4258857984927453,2.477508363066192,2.4198251802411987,2.4198251802411987,0.03210088024863198,0.03210088024863198,0.03210088024863198,-0.0008931750872041693,-0.0008931750872041693,-0.0008931750872041693,0.03299405533583616,0.03299405533583616,0.03299405533583616,0.0,0.0,0.0,2.4519260604898307
157,2022-07-28,2.420062505362118,2.40553833669114,2.455589648208203,2.420062505362118,2.420062505362118,0.010703802698281091,0.010703802698281091,0.010703802698281091,-0.007423417490220249,-0.007423417490220249,-0.007423417490220249,0.01812722018850134,0.01812722018850134,0.01812722018850134,0.0,0.0,0.0,2.430766308060399
158,2022-08-09,2.4202998304830374,2.4115591121111644,2.461618850102035,2.4202998304830374,2.4202998304830374,0.016937291371482786,0.016937291371482786,0.016937291371482786,0.001858214134194689,0.001858214134194689,0.001858214134194689,0.015079077237288097,0.015079077237288097,0.015079077237288097,0.0,0.0,0.0,2.4372371218545203
159,2022-08-21,2.4205371556039568,2.4109249760015268,2.4614101443225653,2.4205371556039568,2.4205371556039568,0.01687311701005494,0.01687311701005494,0.01687311701005494,0.0010738020978616409,0.0010738020978616409,0.0010738020978616409,0.0157993149121933,0.0157993149121933,0.0157993149121933,0.0,0.0,0.0,2.4374102726140117
160,2022-09-02,2.420774480724876,2.41958405855795,2.4700800643140153,2.420774480724876,2.420774480724876,0.02233567338322231,0.02233567338322231,0.02233567338322231,0.008341193326278279,0.008341193326278279,0.008341193326278279,0.01399448005694403,0.01399448005694403,0.01399448005694403,0.0,0.0,0.0,2.4431101541080986
161,2022-09-14,2.4210118058457955,2.39564305884223,2.4473351686146096,2.4210118058457955,2.4210118058457955,0.0020116696577315556,0.0020116696577315556,0.0020116696577315556,-0.0029771847428694143,-0.0029771847428694143,-0.0029771847428694143,0.004988854400600969,0.004988854400600969,0.004988854400600969,0.0,0.0,0.0,2.423023475503527
162,2022-09-26,2.4212491309667152,2.3853613407910386,2.436171548936655,2.4212491309667152,2.4212491309667152,-0.010970080169056016,-0.010970080169056016,-0.010970080169056016,2.056776201743007e-05,2.056776201743007e-05,2.056776201743007e-05,-0.010990647931073443,-0.010990647931073443,-0.010990647931073443,0.0,0.0,0.0,2.410279050797659
163,2022-10-08,2.4214864560876346,2.378330221592343,2.4257805799620806,2.4214864560876346,2.4214864560876346,-0.020445545881999965,-0.020445545881999965,-0.020445545881999965,-0.0008931750872454413,-0.0008931750872454413,-0.0008931750872454413,-0.019552370794754522,-0.019552370794754522,-0.019552370794754522,0.0,0.0,0.0,2.4010409102056345
164,2022-11-01,2.4219611063294733,2.3759020261122217,2.4247779460479535,2.4219611063294733,2.4219611063294733,-0.021506833843762455,-0.021506833843762455,-0.021506833843762455,0.0018582141341895396,0.0018582141341895396,0.0018582141341895396,-0.023365047977951997,-0.023365047977951997,-0.023365047977951997,0.0,0.0,0.0,2.4004542724857107
165,2022-11-13,2.4221984314503926,2.3811228274877427,2.430551859049428,2.4221984314503926,2.4221984314503926,-0.01610946946261888,-0.01610946946261888,-0.01610946946261888,0.0010738020978665085,0.0010738020978665085,0.0010738020978665085,-0.017183271560485384,-0.017183271560485384,-0.017183271560485384,0.0,0.0,0.0,2.406088961987774
166,2022-11-25,2.422435756571312,2.3972612609861095,2.4473270346513747,2.422435756571312,2.422435756571312,-0.00014926598215055716,-0.00014926598215055716,-0.00014926598215055716,0.008341193326285296,0.008341193326285296,0.008341193326285296,-0.008490459308435852,-0.008490459308435852,-0.008490459308435852,0.0,0.0,0.0,2.4222864905891615
167,2022-12-07,2.4226730816922313,2.3886967889950457,2.4362733098455625,2.4226730816922313,2.4226730816922313,-0.010220368242891655,-0.010220368242891655,-0.010220368242891655,-0.0029771847428546115,-0.0029771847428546115,-0.0029771847428546115,-0.0072431835000370415,-0.0072431835000370415,-0.0072431835000370415,0.0,0.0,0.0,2.4124527134493396
168,2022-12-19,2.4229104068131506,2.385815529638462,2.4370722044797186,2.4229104068131506,2.4229104068131506,-0.010076397380355748,-0.010076397380355748,-0.010076397380355748,2.056776204148051e-05,2.056776204148051e-05,2.056776204148051e-05,-0.010096965142397227,-0.010096965142397227,-0.010096965142397227,0.0,0.0,0.0,2.4128340094327947
169,2022-12-31,2.42314773193407,2.3786809605534955,2.4281867077222503,2.42314773193407,2.42314773193407,-0.020399797496807655,-0.020399797496807655,-0.020399797496807655,-0.0008931750872180378,-0.0008931750872180378,-0.0008931750872180378,-0.019506622409589617,-0.019506622409589617,-0.019506622409589617,0.0,0.0,0.0,2.4027479344372624
170,2023-01-12,2.4233850570549897,2.365944324156424,2.416785809697227,2.4233850570549897,2.4233850570549897,-0.031709625555143985,-0.031709625555143985,-0.031709625555143985,-0.007423417490264504,-0.007423417490264504,-0.007423417490264504,-0.024286208064879484,-0.024286208064879484,-0.024286208064879484,0.0,0.0,0.0,2.391675431499846
171,2023-01-24,2.423622382175909,2.3895711985181527,2.4424183032471505,2.423622382175909,2.423622382175909,-0.008143532999496838,-0.008143532999496838,-0.008143532999496838,0.0018582141342034298,0.0018582141342034298,0.0018582141342034298,-0.010001747133700266,-0.010001747133700266,-0.010001747133700266,0.0,0.0,0.0,2.415478849176412
172,2023-02-05,2.4238597072968284,2.3932466760923985,2.442237046398755,2.4238597072968284,2.4238597072968284,-0.005746392274790993,-0.005746392274790993,-0.005746392274790993,0.0010738020978510033,0.0010738020978510033,0.0010738020978510033,-0.006820194372641997,-0.006820194372641997,-0.006820194372641997,0.0,0.0,0.0,2.4181133150220373
173,2023-02-17,2.4240970324177478,2.3819186294296335,2.43231321744011,2.4240970324177478,2.4240970324177478,-0.016936221242767616,-0.016936221242767616,-0.016936221242767616,0.008341193326287893,0.008341193326287893,0.008341193326287893,-0.025277414569055506,-0.025277414569055506,-0.025277414569055506,0.0,0.0,0.0,2.4071608111749803
174,2023-03-01,2.424334357538667,2.371865577896913,2.422773261191614,2.424334357538667,2.424334357538667,-0.026350147716879106,-0.026350147716879106,-0.026350147716879106,-0.0029771847428915737,-0.0029771847428915737,-0.0029771847428915737,-0.02337296297398753,-0.02337296297398753,-0.02337296297398753,0.0,0.0,0.0,2.397984209821788
175,2023-03-13,2.4245716826595864,2.391826161132322,2.441634910759539,2.4245716826595864,2.4245716826595864,-0.007965993426473927,-0.007965993426473927,-0.007965993426473927,2.0567762009818324e-05,2.0567762009818324e-05,2.0567762009818324e-05,-0.007986561188483746,-0.007986561188483746,-0.007986561188483746,0.0,0.0,0.0,2.4166056892331125
176,2023-03-25,2.424809007780506,2.3858587705117222,2.435767628108053,2.424809007780506,2.424809007780506,-0.013416881537762923,-0.013416881537762923,-0.013416881537762923,-0.0008931750872249725,-0.0008931750872249725,-0.0008931750872249725,-0.01252370645053795,-0.01252370645053795,-0.01252370645053795,0.0,0.0,0.0,2.4113921262427427
177,2023-04-06,2.425046332901425,2.3817611243881895,2.432120435950424,2.425046332901425,2.425046332901425,-0.01710588909563665,-0.01710588909563665,-0.01710588909563665,-0.007423417490237704,-0.007423417490237704,-0.007423417490237704,-0.009682471605398946,-0.009682471605398946,-0.009682471605398946,0.0,0.0,0.0,2.4079404438057885
178,2023-04-18,2.4252836580223445,2.4133297131899645,2.4629426622300263,2.4252836580223445,2.4252836580223445,0.012763800961421597,0.012763800961421597,0.012763800961421597,0.00185821413419828,0.00185821413419828,0.00185821413419828,0.01090558682722332,0.01090558682722332,0.01090558682722332,0.0,0.0,0.0,2.438047458983766
179,2023-04-30,2.4255209831432643,2.419126106699519,2.4669441697131234,2.4255209831432643,2.4255209831432643,0.017968998766649175,0.017968998766649175,0.017968998766649175,0.0010738020978388466,0.0010738020978388466,0.0010738020978388466,0.016895196668810324,0.016895196668810324,0.016895196668810324,0.0,0.0,0.0,2.4434899819099134
180,2023-06-17,2.4264702836269416,2.412948867046536,2.463967463396595,2.4264702836269416,2.4264702836269416,0.012044567762482852,0.012044567762482852,0.012044567762482852,-0.0008931750872319063,-0.0008931750872319063,-0.0008931750872319063,0.012937742849714755,0.012937742849714755,0.012937742849714755,0.0,0.0,0.0,2.4385148513894244
181,2023-06-29,2.426707608747861,2.425313202112127,2.474979069302639,2.426707608747861,2.426707608747861,0.022764900853060422,0.022764900853060422,0.022764900853060422,-0.007423417490244534,-0.007423417490244534,-0.007423417490244534,0.03018831834330496,0.03018831834330496,0.03018831834330496,0.0,0.0,0.0,2.4494725096009216
182,2023-07-23,2.4271822589896996,2.4272105389688474,2.476271786395156,2.4271822589896996,2.4271822589896996,0.024773779136907245,0.024773779136907245,0.024773779136907245,0.0010738020978233423,0.0010738020978233423,0.0010738020978233423,0.0236999770390839,0.0236999770390839,0.0236999770390839,0.0,0.0,0.0,2.451956038126607
183,2023-08-04,2.427419584110619,2.4260744119108564,2.476958095343591,2.427419584110619,2.427419584110619,0.023459901080303623,0.023459901080303623,0.023459901080303623,0.008341193326276355,0.008341193326276355,0.008341193326276355,0.015118707754027263,0.015118707754027263,0.015118707754027263,0.0,0.0,0.0,2.4508794851909226
184,2023-08-16,2.4276569092315388,2.4154760924295395,2.4649482220661696,2.4276569092315388,2.4276569092315388,0.012723207044517976,0.012723207044517976,0.012723207044517976,-0.002977184742838852,-0.002977184742838852,-0.002977184742838852,0.01570039178735683,0.01570039178735683,0.01570039178735683,0.0,0.0,0.0,2.4403801162760566
185,2023-08-28,2.427894234352458,2.418811922977823,2.467193176801255,2.427894234352458,2.427894234352458,0.015253772552328604,0.015253772552328604,0.015253772552328604,2.0567762002206845e-05,2.0567762002206845e-05,2.0567762002206845e-05,0.015233204790326398,0.015233204790326398,0.015233204790326398,0.0,0.0,0.0,2.443148006904787
186,2023-09-09,2.4281315594733774,2.4123467368736367,2.4638130858147327,2.4281315594733774,2.4281315594733774,0.009353454482183332,0.009353454482183332,0.009353454482183332,-0.0008931750872299874,-0.0008931750872299874,-0.0008931750872299874,0.010246629569413319,0.010246629569413319,0.010246629569413319,0.0,0.0,0.0,2.437485013955561
187,2023-09-21,2.428368884594297,2.392766569835423,2.441505874575511,2.428368884594297,2.428368884594297,-0.011456235505484665,-0.011456235505484665,-0.011456235505484665,-0.007423417490234551,-0.007423417490234551,-0.007423417490234551,-0.0040328180152501125,-0.0040328180152501125,-0.0040328180152501125,0.0,0.0,0.0,2.416912649088812
188,2023-10-03,2.4286062097152166,2.3874028422711056,2.437425605995898,2.4286062097152166,2.4286062097152166,-0.015404052561376998,-0.015404052561376998,-0.015404052561376998,0.00185821413420702,0.00185821413420702,0.00185821413420702,-0.01726226669558402,-0.01726226669558402,-0.01726226669558402,0.0,0.0,0.0,2.41320215715384
189,2023-10-15,2.428843534836136,2.38404942714836,2.4350069420564515,2.428843534836136,2.428843534836136,-0.019584950265459054,-0.019584950265459054,-0.019584950265459054,0.0010738020978689532,0.0010738020978689532,0.0010738020978689532,-0.020658752363328012,-0.020658752363328012,-0.020658752363328012,0.0,0.0,0.0,2.4092585845706767
190,2023-10-27,2.4290808599570552,2.388842950486681,2.4396146748821534,2.4290808599570552,2.4290808599570552,-0.014665277401392653,-0.014665277401392653,-0.014665277401392653,0.008341193326278954,0.008341193326278954,0.008341193326278954,-0.023006470727671608,-0.023006470727671608,-0.023006470727671608,0.0,0.0,0.0,2.414415582555663
191,2023-10-28,2.429100637050465,2.380154227004883,2.4275505714724557,2.429100637050465,2.429100637050465,-0.02406786807960088,-0.02406786807960088,-0.02406786807960088,-0.0008931750872404922,-0.0008931750872404922,-0.0008931750872404922,-0.02317469299236039,-0.02317469299236039,-0.02317469299236039,0.0,0.0,0.0,2.405032768970864
